Workbook

Sheet Leyenda
A1: Verificación: paso 2 de CAMBIO vs paso 2 de REGISTRO
A3: Cómo llenarlo:
A4: 1. Hoja 'Paso 2': para cada campo del registro, elige en la columna D si aparece en el paso 2 de Cambio (Sí / No / No aplica).
A5: 2. Solo se editan las celdas amarillas (columnas D y F). La columna E es una predicción, no hace falta tocarla.
A6: 3. Si en Cambio aparece un campo que NO está en el registro, agrégalo al final de la lista del servicio con D = 'Nuevo'.
A7: 4. Hoja 'Paso 1': marca qué campos tiene el paso 1 de Cambio en cada servicio (fecha de ejecución, instalación, otros datos).
A8: 5. La hoja 'Resumen' cuenta solo: campos verificados, faltantes y pendientes por servicio.
A10: Ya prellenado (tu revisión del 16/10): TF, TFP, PTF, IF, SMP, SMC, SMO.
A11: Pendientes: OTF, PIF, TVP, TVPR, PTV, SMQ, OS, AC.
A13: Predicción (columna E): en lo revisado, Cambio quita las características que definen el plan
A14: (Periodicidad, Duración, Tipo de acceso/línea/contratación, Tecnología, Internet ilimitado, Componentes del plan).
A15: Fuente de los campos del registro: servicios/*.py del proyecto (paso 2 de cada servicio).

Sheet Paso 2
A1: Código | B1: Servicio | C1: Campo en el paso 2 del REGISTRO | D1: ¿Está en el paso 2 de CAMBIO? | E1: Predicción | F1: Observación
A2: TF | B2: Telefonía fija postpago | C2: Valor del servicio | D2: Sí | E2: Sí
A3: TF | B3: Telefonía fija postpago | C3: Periodicidad | D3: No | E3: No
A4: TF | B4: Telefonía fija postpago | C4: Tipo de acceso | D4: No | E4: No
A5: TF | B5: Telefonía fija postpago | C5: Tecnología | D5: No | E5: No
A6: TF | B6: Telefonía fija postpago | C6: Bloques de minutos (5) | D6: Sí | E6: Sí
A7: TF | B7: Telefonía fija postpago | C7: Tarifas fijo LDI (tabla) | D7: Sí | E7: Sí
A8: TF | B8: Telefonía fija postpago | C8: Tarifas móvil LDI (tabla) | D8: Sí | E8: Sí
A9: TF | B9: Telefonía fija postpago | C9: Condiciones generales | D9: Sí | E9: Sí
A10: TF | B10: Telefonía fija postpago | C10: Restricciones técnicas | D10: Sí | E10: Sí
A11: TFP | B11: Telefonía fija prepago | C11: Valor del servicio | D11: Sí | E11: Sí
A12: TFP | B12: Telefonía fija prepago | C12: Duración | D12: No | E12: No | F12: Anotado como PERIODICIDAD; TFP tiene Duración en su lugar. Confirmar. (Es cierto es Duración y no periodicidad)
A13: TFP | B13: Telefonía fija prepago | C13: Tipo de acceso | D13: No | E13: No
A14: TFP | B14: Telefonía fija prepago | C14: Tecnología | D14: No | E14: No
A15: TFP | B15: Telefonía fija prepago | C15: Bloques de minutos (5) | D15: Sí | E15: Sí
A16: TFP | B16: Telefonía fija prepago | C16: Tarifas fijo LDI (tabla) | D16: Sí | E16: Sí
A17: TFP | B17: Telefonía fija prepago | C17: Tarifas móvil LDI (tabla) | D17: Sí | E17: Sí
A18: TFP | B18: Telefonía fija prepago | C18: Condiciones generales | D18: Sí | E18: Sí
A19: TFP | B19: Telefonía fija prepago | C19: Restricciones técnicas | D19: Sí | E19: Sí
A20: OTF | B20: Otras tarifas de telefonía fija | C20: Valor del servicio | D20: Sí | E20: Sí
A21: OTF | B21: Otras tarifas de telefonía fija | C21: Periodicidad | D21: No | E21: No
A22: OTF | B22: Otras tarifas de telefonía fija | C22: Duración | D22: No | E22: No
A23: OTF | B23: Otras tarifas de telefonía fija | C23: Tipo de línea | D23: No | E23: No
A24: OTF | B24: Otras tarifas de telefonía fija | C24: Tarifa por minuto | D24: Sí | E24: Sí
... A172: AC | B172: Arrendamiento de circuitos | C172: Otras restricciones | D172: Sí | E172: Sí

Sheet Paso 1
A1: Código | B1: Servicio | C1: Fecha de ejecución | D1: Tarifa de instalación | E1: Otros datos generales | F1: Otros campos del paso 1 | G1: Observación
A2: TF | B2: Telefonía fija postpago | C2: Sí | D2: Sí | E2: Sí
A3: TFP | B3: Telefonía fija prepago | C3: Sí | D3: Sí | E3: Sí
A4: OTF | B4: Otras tarifas de telefonía fija | C4: Sí | D4: Sí | E4: Sí
A5: PTF | B5: Paquetes adicionales de telefonía fija | C5: Sí | D5: Sí | E5: Sí
A6: IF | B6: Internet fijo postpago | C6: Sí | D6: Sí | E6: Sí
A7: PIF | B7: Paquetes adicionales y otros servicios de internet fijo | C7: Sí | D7: Sí | E7: Sí
A8: TVP | B8: Televisión de paga postpago | C8: Sí | D8: Sí | E8: Sí
A9: TVPR | B9: Televisión de paga prepago | C9: Sí | D9: Sí | E9: Sí
A10: PTV | B10: Paquetes adicionales y otras tarifas de televisión de paga | C10: Sí | D10: Sí | E10: Sí
A11: SMP | B11: Servicio público móvil postpago | C11: Sí | D11: Sí | E11: Sí
A12: SMC | B12: Servicio público móvil control | C12: Sí | D12: Sí | E12: Sí
A13: SMO | B13: Servicio móvil otros | C13: Sí | D13: Sí | E13: Sí
... A16: AC | B16: Arrendamiento de circuitos | C16: Sí | D16: Sí | E16: Sí

Sheet Resumen
A1: Código | B1: Servicio | C1: Campos del registro | D1: Verificados | E1: No están en Cambio | F1: Pendientes | G1: Estado
A2: TF | B2: Telefonía fija postpago | C2: =COUNTIFS('Paso 2'!$A$2:$A$212,A2,'Paso 2'!$D$2:$D$212,"<>Nuevo") -> 9 | D2: =COUNTIFS('Paso 2'!$A$2:$A$212,A2,'Paso 2'!$D$2:$D$212,"<>") -> 9 | E2: =COUNTIFS('Paso 2'!$A$2:$A$212,A2,'Paso 2'!$D$2:$D$212,"No") -> 3 | F2: =C2-COUNTIFS('Paso 2'!$A$2:$A$212,A2,'Paso 2'!$D$2:$D$212,"<>",'Paso 2'!$D$2:$D$212,"<>Nuevo") -> 0 | G2: =IF(F2=0,"Completo","Pendiente") -> Completo
A3: TFP | B3: Telefonía fija prepago | C3: =COUNTIFS('Paso 2'!$A$2:$A$212,A3,'Paso 2'!$D$2:$D$212,"<>Nuevo") -> 9 | D3: =COUNTIFS('Paso 2'!$A$2:$A$212,A3,'Paso 2'!$D$2:$D$212,"<>") -> 9 | E3: =COUNTIFS('Paso 2'!$A$2:$A$212,A3,'Paso 2'!$D$2:$D$212,"No") -> 3 | F3: =C3-COUNTIFS('Paso 2'!$A$2:$A$212,A3,'Paso 2'!$D$2:$D$212,"<>",'Paso 2'!$D$2:$D$212,"<>Nuevo") -> 0 | G3: =IF(F3=0,"Completo","Pendiente") -> Completo
A4: OTF | B4: Otras tarifas de telefonía fija | C4: =COUNTIFS('Paso 2'!$A$2:$A$212,A4,'Paso 2'!$D$2:$D$212,"<>Nuevo") -> 7 | D4: =COUNTIFS('Paso 2'!$A$2:$A$212,A4,'Paso 2'!$D$2:$D$212,"<>") -> 7 | E4: =COUNTIFS('Paso 2'!$A$2:$A$212,A4,'Paso 2'!$D$2:$D$212,"No") -> 3 | F4: =C4-COUNTIFS('Paso 2'!$A$2:$A$212,A4,'Paso 2'!$D$2:$D$212,"<>",'Paso 2'!$D$2:$D$212,"<>Nuevo") -> 0 | G4: =IF(F4=0,"Completo","Pendiente") -> Completo
A5: PTF | B5: Paquetes adicionales de telefonía fija | C5: =COUNTIFS('Paso 2'!$A$2:$A$212,A5,'Paso 2'!$D$2:$D$212,"<>Nuevo") -> 7 | D5: =COUNTIFS('Paso 2'!$A$2:$A$212,A5,'Paso 2'!$D$2:$D$212,"<>") -> 7 | E5: =COUNTIFS('Paso 2'!$A$2:$A$212,A5,'Paso 2'!$D$2:$D$212,"No") -> 2 | F5: =C5-COUNTIFS('Paso 2'!$A$2:$A$212,A5,'Paso 2'!$D$2:$D$212,"<>",'Paso 2'!$D$2:$D$212,"<>Nuevo") -> 0 | G5: =IF(F5=0,"Completo","Pendiente") -> Completo
A6: IF | B6: Internet fijo postpago | C6: =COUNTIFS('Paso 2'!$A$2:$A$212,A6,'Paso 2'!$D$2:$D$212,"<>Nuevo") -> 10 | D6: =COUNTIFS('Paso 2'!$A$2:$A$212,A6,'Paso 2'!$D$2:$D$212,"<>") -> 10 | E6: =COUNTIFS('Paso 2'!$A$2:$A$212,A6,'Paso 2'!$D$2:$D$212,"No") -> 4 | F6: =C6-COUNTIFS('Paso 2'!$A$2:$A$212,A6,'Paso 2'!$D$2:$D$212,"<>",'Paso 2'!$D$2:$D$212,"<>Nuevo") -> 0 | G6: =IF(F6=0,"Completo","Pendiente") -> Completo
A7: PIF | B7: Paquetes adicionales y otros servicios de internet fijo | C7: =COUNTIFS('Paso 2'!$A$2:$A$212,A7,'Paso 2'!$D$2:$D$212,"<>Nuevo") -> 8 | D7: =COUNTIFS('Paso 2'!$A$2:$A$212,A7,'Paso 2'!$D$2:$D$212,"<>") -> 8 | E7: =COUNTIFS('Paso 2'!$A$2:$A$212,A7,'Paso 2'!$D$2:$D$212,"No") -> 2 | F7: =C7-COUNTIFS('Paso 2'!$A$2:$A$212,A7,'Paso 2'!$D$2:$D$212,"<>",'Paso 2'!$D$2:$D$212,"<>Nuevo") -> 0 | G7: =IF(F7=0,"Completo","Pendiente") -> Completo
A8: TVP | B8: Televisión de paga postpago | C8: =COUNTIFS('Paso 2'!$A$2:$A$212,A8,'Paso 2'!$D$2:$D$212,"<>Nuevo") -> 10 | D8: =COUNTIFS('Paso 2'!$A$2:$A$212,A8,'Paso 2'!$D$2:$D$212,"<>") -> 10 | E8: =COUNTIFS('Paso 2'!$A$2:$A$212,A8,'Paso 2'!$D$2:$D$212,"No") -> 3 | F8: =C8-COUNTIFS('Paso 2'!$A$2:$A$212,A8,'Paso 2'!$D$2:$D$212,"<>",'Paso 2'!$D$2:$D$212,"<>Nuevo") -> 0 | G8: =IF(F8=0,"Completo","Pendiente") -> Completo
A9: TVPR | B9: Televisión de paga prepago | C9: =COUNTIFS('Paso 2'!$A$2:$A$212,A9,'Paso 2'!$D$2:$D$212,"<>Nuevo") -> 10 | D9: =COUNTIFS('Paso 2'!$A$2:$A$212,A9,'Paso 2'!$D$2:$D$212,"<>") -> 10 | E9: =COUNTIFS('Paso 2'!$A$2:$A$212,A9,'Paso 2'!$D$2:$D$212,"No") -> 3 | F9: =C9-COUNTIFS('Paso 2'!$A$2:$A$212,A9,'Paso 2'!$D$2:$D$212,"<>",'Paso 2'!$D$2:$D$212,"<>Nuevo") -> 0 | G9: =IF(F9=0,"Completo","Pendiente") -> Completo
A10: PTV | B10: Paquetes adicionales y otras tarifas de televisión de paga | C10: =COUNTIFS('Paso 2'!$A$2:$A$212,A10,'Paso 2'!$D$2:$D$212,"<>Nuevo") -> 9 | D10: =COUNTIFS('Paso 2'!$A$2:$A$212,A10,'Paso 2'!$D$2:$D$212,"<>") -> 9 | E10: =COUNTIFS('Paso 2'!$A$2:$A$212,A10,'Paso 2'!$D$2:$D$212,"No") -> 2 | F10: =C10-COUNTIFS('Paso 2'!$A$2:$A$212,A10,'Paso 2'!$D$2:$D$212,"<>",'Paso 2'!$D$2:$D$212,"<>Nuevo") -> 0 | G10: =IF(F10=0,"Completo","Pendiente") -> Completo
A11: SMP | B11: Servicio público móvil postpago | C11: =COUNTIFS('Paso 2'!$A$2:$A$212,A11,'Paso 2'!$D$2:$D$212,"<>Nuevo") -> 18 | D11: =COUNTIFS('Paso 2'!$A$2:$A$212,A11,'Paso 2'!$D$2:$D$212,"<>") -> 18 | E11: =COUNTIFS('Paso 2'!$A$2:$A$212,A11,'Paso 2'!$D$2:$D$212,"No") -> 4 | F11: =C11-COUNTIFS('Paso 2'!$A$2:$A$212,A11,'Paso 2'!$D$2:$D$212,"<>",'Paso 2'!$D$2:$D$212,"<>Nuevo") -> 0 | G11: =IF(F11=0,"Completo","Pendiente") -> Completo
A12: SMC | B12: Servicio público móvil control | C12: =COUNTIFS('Paso 2'!$A$2:$A$212,A12,'Paso 2'!$D$2:$D$212,"<>Nuevo") -> 18 | D12: =COUNTIFS('Paso 2'!$A$2:$A$212,A12,'Paso 2'!$D$2:$D$212,"<>") -> 18 | E12: =COUNTIFS('Paso 2'!$A$2:$A$212,A12,'Paso 2'!$D$2:$D$212,"No") -> 4 | F12: =C12-COUNTIFS('Paso 2'!$A$2:$A$212,A12,'Paso 2'!$D$2:$D$212,"<>",'Paso 2'!$D$2:$D$212,"<>Nuevo") -> 0 | G12: =IF(F12=0,"Completo","Pendiente") -> Completo
A13: SMO | B13: Servicio móvil otros | C13: =COUNTIFS('Paso 2'!$A$2:$A$212,A13,'Paso 2'!$D$2:$D$212,"<>Nuevo") -> 20 | D13: =COUNTIFS('Paso 2'!$A$2:$A$212,A13,'Paso 2'!$D$2:$D$212,"<>") -> 20 | E13: =COUNTIFS('Paso 2'!$A$2:$A$212,A13,'Paso 2'!$D$2:$D$212,"No") -> 6 | F13: =C13-COUNTIFS('Paso 2'!$A$2:$A$212,A13,'Paso 2'!$D$2:$D$212,"<>",'Paso 2'!$D$2:$D$212,"<>Nuevo") -> 0 | G13: =IF(F13=0,"Completo","Pendiente") -> Completo
... A16: AC | B16: Arrendamiento de circuitos | C16: =COUNTIFS('Paso 2'!$A$2:$A$212,A16,'Paso 2'!$D$2:$D$212,"<>Nuevo") -> 11 | D16: =COUNTIFS('Paso 2'!$A$2:$A$212,A16,'Paso 2'!$D$2:$D$212,"<>") -> 11 | E16: =COUNTIFS('Paso 2'!$A$2:$A$212,A16,'Paso 2'!$D$2:$D$212,"No") -> 3 | F16: =C16-COUNTIFS('Paso 2'!$A$2:$A$212,A16,'Paso 2'!$D$2:$D$212,"<>",'Paso 2'!$D$2:$D$212,"<>Nuevo") -> 0 | G16: =IF(F16=0,"Completo","Pendiente") -> Completo
